location	class	method	param	index	uri	field
METHOD	de.gurkenlabs.litiengine.physics.Force	setLocation(java.awt.geom.Point2D)	null	null	file:///home/nima/Developer/AutoFixer/Evaluation/Projects/litiengine/src/de/gurkenlabs/litiengine/physics/Force.java	location
METHOD	de.gurkenlabs.litiengine.entities.Entity	setLocation(java.awt.geom.Point2D)	null	null	file:///home/nima/Developer/AutoFixer/Evaluation/Projects/litiengine/src/de/gurkenlabs/litiengine/entities/Entity.java	mapLocation
METHOD	de.gurkenlabs.litiengine.entities.Entity	setRenderType(de.gurkenlabs.litiengine.graphics.RenderType)	null	null	file:///home/nima/Developer/AutoFixer/Evaluation/Projects/litiengine/src/de/gurkenlabs/litiengine/entities/Entity.java	renderType
METHOD	de.gurkenlabs.litiengine.entities.CollisionEntity	setCollisionBoxAlign(de.gurkenlabs.litiengine.Align)	null	null	file:///home/nima/Developer/AutoFixer/Evaluation/Projects/litiengine/src/de/gurkenlabs/litiengine/entities/CollisionEntity.java	align
METHOD	de.gurkenlabs.litiengine.entities.CollisionEntity	setCollisionBoxValign(de.gurkenlabs.litiengine.Valign)	null	null	file:///home/nima/Developer/AutoFixer/Evaluation/Projects/litiengine/src/de/gurkenlabs/litiengine/entities/CollisionEntity.java	valign
METHOD	de.gurkenlabs.litiengine.entities.Prop	setMaterial(de.gurkenlabs.litiengine.entities.Material)	null	null	file:///home/nima/Developer/AutoFixer/Evaluation/Projects/litiengine/src/de/gurkenlabs/litiengine/entities/Prop.java	material
METHOD	de.gurkenlabs.litiengine.entities.Prop	setSpritesheetName(java.lang.String)	null	null	file:///home/nima/Developer/AutoFixer/Evaluation/Projects/litiengine/src/de/gurkenlabs/litiengine/entities/Prop.java	spritesheetName
METHOD	de.gurkenlabs.litiengine.entities.Prop	setSpriteRotation(de.gurkenlabs.litiengine.entities.Rotation)	null	null	file:///home/nima/Developer/AutoFixer/Evaluation/Projects/litiengine/src/de/gurkenlabs/litiengine/entities/Prop.java	rotation
METHOD	de.gurkenlabs.litiengine.entities.StaticShadow	setShadowType(de.gurkenlabs.litiengine.graphics.StaticShadowType)	null	null	file:///home/nima/Developer/AutoFixer/Evaluation/Projects/litiengine/src/de/gurkenlabs/litiengine/entities/StaticShadow.java	shadowType
METHOD	de.gurkenlabs.litiengine.entities.LightSource	setColor(java.awt.Color)	null	null	file:///home/nima/Developer/AutoFixer/Evaluation/Projects/litiengine/src/de/gurkenlabs/litiengine/entities/LightSource.java	color
METHOD	de.gurkenlabs.litiengine.entities.LightSource	setLightShapeType(de.gurkenlabs.litiengine.entities.LightSource.Type)	null	null	file:///home/nima/Developer/AutoFixer/Evaluation/Projects/litiengine/src/de/gurkenlabs/litiengine/entities/LightSource.java	lightShapeType
METHOD	de.gurkenlabs.litiengine.entities.SoundSource	setSound(java.lang.String)	null	null	file:///home/nima/Developer/AutoFixer/Evaluation/Projects/litiengine/src/de/gurkenlabs/litiengine/entities/SoundSource.java	sound
METHOD	de.gurkenlabs.litiengine.entities.SoundSource	setSound(de.gurkenlabs.litiengine.sound.Sound)	null	null	file:///home/nima/Developer/AutoFixer/Evaluation/Projects/litiengine/src/de/gurkenlabs/litiengine/entities/SoundSource.java	sound
METHOD	de.gurkenlabs.litiengine.entities.Trigger	setMessage(java.lang.String)	null	null	file:///home/nima/Developer/AutoFixer/Evaluation/Projects/litiengine/src/de/gurkenlabs/litiengine/entities/Trigger.java	message
METHOD	de.gurkenlabs.litiengine.graphics.ColorLayer	setColor(java.awt.Color)	null	null	file:///home/nima/Developer/AutoFixer/Evaluation/Projects/litiengine/src/de/gurkenlabs/litiengine/graphics/ColorLayer.java	color
METHOD	de.gurkenlabs.litiengine.environment.tilemap.xml.MapObject	setHeight(float)	null	null	file:///home/nima/Developer/AutoFixer/Evaluation/Projects/litiengine/src/de/gurkenlabs/litiengine/environment/tilemap/xml/MapObject.java	height
METHOD	de.gurkenlabs.litiengine.environment.tilemap.xml.MapObject	setWidth(float)	null	null	file:///home/nima/Developer/AutoFixer/Evaluation/Projects/litiengine/src/de/gurkenlabs/litiengine/environment/tilemap/xml/MapObject.java	width
METHOD	de.gurkenlabs.litiengine.environment.tilemap.xml.CustomPropertyProvider	afterUnmarshal(javax.xml.bind.Unmarshaller,java.lang.Object)	null	null	file:///home/nima/Developer/AutoFixer/Evaluation/Projects/litiengine/src/de/gurkenlabs/litiengine/environment/tilemap/xml/CustomPropertyProvider.java	properties
METHOD	de.gurkenlabs.litiengine.environment.tilemap.xml.MapObjectLayer	afterUnmarshal(javax.xml.bind.Unmarshaller,java.lang.Object)	null	null	file:///home/nima/Developer/AutoFixer/Evaluation/Projects/litiengine/src/de/gurkenlabs/litiengine/environment/tilemap/xml/MapObjectLayer.java	objects
METHOD	de.gurkenlabs.litiengine.environment.tilemap.xml.TmxMap	getRenderLayers()	null	null	file:///home/nima/Developer/AutoFixer/Evaluation/Projects/litiengine/src/de/gurkenlabs/litiengine/environment/tilemap/xml/TmxMap.java	layers
METHOD	de.gurkenlabs.litiengine.environment.tilemap.xml.TmxMap	afterUnmarshal(javax.xml.bind.Unmarshaller,java.lang.Object)	null	null	file:///home/nima/Developer/AutoFixer/Evaluation/Projects/litiengine/src/de/gurkenlabs/litiengine/environment/tilemap/xml/TmxMap.java	layers
METHOD	de.gurkenlabs.litiengine.environment.tilemap.xml.TilesetEntry	afterUnmarshal(javax.xml.bind.Unmarshaller,java.lang.Object)	null	null	file:///home/nima/Developer/AutoFixer/Evaluation/Projects/litiengine/src/de/gurkenlabs/litiengine/environment/tilemap/xml/TilesetEntry.java	tileset
METHOD	de.gurkenlabs.litiengine.attributes.Attribute	modifyBaseValue(de.gurkenlabs.litiengine.attributes.AttributeModifier<T>)	null	null	file:///home/nima/Developer/AutoFixer/Evaluation/Projects/litiengine/src/de/gurkenlabs/litiengine/attributes/Attribute.java	baseValue
METHOD	de.gurkenlabs.litiengine.attributes.Attribute	modifyBaseValue(de.gurkenlabs.litiengine.attributes.Modification,double)	null	null	file:///home/nima/Developer/AutoFixer/Evaluation/Projects/litiengine/src/de/gurkenlabs/litiengine/attributes/Attribute.java	baseValue
METHOD	de.gurkenlabs.litiengine.attributes.Attribute	setBaseValue(T)	null	null	file:///home/nima/Developer/AutoFixer/Evaluation/Projects/litiengine/src/de/gurkenlabs/litiengine/attributes/Attribute.java	baseValue
METHOD	de.gurkenlabs.litiengine.graphics.animation.Animation	getSpritesheet()	null	null	file:///home/nima/Developer/AutoFixer/Evaluation/Projects/litiengine/src/de/gurkenlabs/litiengine/graphics/animation/Animation.java	spritesheet
METHOD	de.gurkenlabs.litiengine.graphics.ImageEffect	setName(java.lang.String)	null	null	file:///home/nima/Developer/AutoFixer/Evaluation/Projects/litiengine/src/de/gurkenlabs/litiengine/graphics/ImageEffect.java	name
METHOD	de.gurkenlabs.litiengine.abilities.effects.Effect	setTargetPriorityComparator(de.gurkenlabs.litiengine.entities.RelativeEntityComparator)	null	null	file:///home/nima/Developer/AutoFixer/Evaluation/Projects/litiengine/src/de/gurkenlabs/litiengine/abilities/effects/Effect.java	targetPriorityComparator
METHOD	de.gurkenlabs.litiengine.attributes.RangeAttribute	modifyMaxBaseValue(de.gurkenlabs.litiengine.attributes.AttributeModifier<T>)	null	null	file:///home/nima/Developer/AutoFixer/Evaluation/Projects/litiengine/src/de/gurkenlabs/litiengine/attributes/RangeAttribute.java	maxBaseValue
METHOD	de.gurkenlabs.litiengine.attributes.RangeAttribute	setMaxBaseValue(T)	null	null	file:///home/nima/Developer/AutoFixer/Evaluation/Projects/litiengine/src/de/gurkenlabs/litiengine/attributes/RangeAttribute.java	maxBaseValue
METHOD	de.gurkenlabs.litiengine.attributes.RangeAttribute	setMinBaseValue(T)	null	null	file:///home/nima/Developer/AutoFixer/Evaluation/Projects/litiengine/src/de/gurkenlabs/litiengine/attributes/RangeAttribute.java	minBaseValue
METHOD	de.gurkenlabs.litiengine.abilities.Ability	setName(java.lang.String)	null	null	file:///home/nima/Developer/AutoFixer/Evaluation/Projects/litiengine/src/de/gurkenlabs/litiengine/abilities/Ability.java	name
METHOD	de.gurkenlabs.litiengine.abilities.Ability	setDescription(java.lang.String)	null	null	file:///home/nima/Developer/AutoFixer/Evaluation/Projects/litiengine/src/de/gurkenlabs/litiengine/abilities/Ability.java	description
METHOD	de.gurkenlabs.litiengine.abilities.Ability	setCastType(de.gurkenlabs.litiengine.abilities.CastType)	null	null	file:///home/nima/Developer/AutoFixer/Evaluation/Projects/litiengine/src/de/gurkenlabs/litiengine/abilities/Ability.java	castType
METHOD	de.gurkenlabs.litiengine.graphics.emitters.particles.Particle	setCollisionType(de.gurkenlabs.litiengine.physics.Collision)	null	null	file:///home/nima/Developer/AutoFixer/Evaluation/Projects/litiengine/src/de/gurkenlabs/litiengine/graphics/emitters/particles/Particle.java	collisionType
METHOD	de.gurkenlabs.litiengine.graphics.emitters.particles.Particle	setCustomRenderType(de.gurkenlabs.litiengine.graphics.RenderType)	null	null	file:///home/nima/Developer/AutoFixer/Evaluation/Projects/litiengine/src/de/gurkenlabs/litiengine/graphics/emitters/particles/Particle.java	customRenderType
METHOD	de.gurkenlabs.litiengine.graphics.emitters.xml.EmitterData	setCollisionType(de.gurkenlabs.litiengine.physics.Collision)	null	null	file:///home/nima/Developer/AutoFixer/Evaluation/Projects/litiengine/src/de/gurkenlabs/litiengine/graphics/emitters/xml/EmitterData.java	collisionType
METHOD	de.gurkenlabs.litiengine.graphics.emitters.xml.EmitterData	setRequiredQuality(de.gurkenlabs.litiengine.configuration.Quality)	null	null	file:///home/nima/Developer/AutoFixer/Evaluation/Projects/litiengine/src/de/gurkenlabs/litiengine/graphics/emitters/xml/EmitterData.java	requiredQuality
METHOD	de.gurkenlabs.litiengine.graphics.emitters.xml.EmitterData	setDeltaHeight(de.gurkenlabs.litiengine.graphics.emitters.xml.ParticleParameter)	null	null	file:///home/nima/Developer/AutoFixer/Evaluation/Projects/litiengine/src/de/gurkenlabs/litiengine/graphics/emitters/xml/EmitterData.java	deltaHeight
METHOD	de.gurkenlabs.litiengine.graphics.emitters.xml.EmitterData	setDeltaWidth(de.gurkenlabs.litiengine.graphics.emitters.xml.ParticleParameter)	null	null	file:///home/nima/Developer/AutoFixer/Evaluation/Projects/litiengine/src/de/gurkenlabs/litiengine/graphics/emitters/xml/EmitterData.java	deltaWidth
METHOD	de.gurkenlabs.litiengine.graphics.emitters.xml.EmitterData	setAngle(de.gurkenlabs.litiengine.graphics.emitters.xml.ParticleParameter)	null	null	file:///home/nima/Developer/AutoFixer/Evaluation/Projects/litiengine/src/de/gurkenlabs/litiengine/graphics/emitters/xml/EmitterData.java	angle
METHOD	de.gurkenlabs.litiengine.graphics.emitters.xml.EmitterData	setDeltaRotation(de.gurkenlabs.litiengine.graphics.emitters.xml.ParticleParameter)	null	null	file:///home/nima/Developer/AutoFixer/Evaluation/Projects/litiengine/src/de/gurkenlabs/litiengine/graphics/emitters/xml/EmitterData.java	deltaAngle
METHOD	de.gurkenlabs.litiengine.graphics.emitters.xml.EmitterData	setVelocityX(de.gurkenlabs.litiengine.graphics.emitters.xml.ParticleParameter)	null	null	file:///home/nima/Developer/AutoFixer/Evaluation/Projects/litiengine/src/de/gurkenlabs/litiengine/graphics/emitters/xml/EmitterData.java	velocityX
METHOD	de.gurkenlabs.litiengine.graphics.emitters.xml.EmitterData	setVelocityY(de.gurkenlabs.litiengine.graphics.emitters.xml.ParticleParameter)	null	null	file:///home/nima/Developer/AutoFixer/Evaluation/Projects/litiengine/src/de/gurkenlabs/litiengine/graphics/emitters/xml/EmitterData.java	velocityY
METHOD	de.gurkenlabs.litiengine.graphics.emitters.xml.EmitterData	setAccelerationX(de.gurkenlabs.litiengine.graphics.emitters.xml.ParticleParameter)	null	null	file:///home/nima/Developer/AutoFixer/Evaluation/Projects/litiengine/src/de/gurkenlabs/litiengine/graphics/emitters/xml/EmitterData.java	accelerationX
METHOD	de.gurkenlabs.litiengine.graphics.emitters.xml.EmitterData	setAccelerationY(de.gurkenlabs.litiengine.graphics.emitters.xml.ParticleParameter)	null	null	file:///home/nima/Developer/AutoFixer/Evaluation/Projects/litiengine/src/de/gurkenlabs/litiengine/graphics/emitters/xml/EmitterData.java	accelerationY
METHOD	de.gurkenlabs.litiengine.graphics.emitters.xml.EmitterData	setOriginAlign(de.gurkenlabs.litiengine.Align)	null	null	file:///home/nima/Developer/AutoFixer/Evaluation/Projects/litiengine/src/de/gurkenlabs/litiengine/graphics/emitters/xml/EmitterData.java	originAlign
METHOD	de.gurkenlabs.litiengine.graphics.emitters.xml.EmitterData	setOriginValign(de.gurkenlabs.litiengine.Valign)	null	null	file:///home/nima/Developer/AutoFixer/Evaluation/Projects/litiengine/src/de/gurkenlabs/litiengine/graphics/emitters/xml/EmitterData.java	originValign
METHOD	de.gurkenlabs.litiengine.graphics.emitters.xml.EmitterData	setParticleHeight(de.gurkenlabs.litiengine.graphics.emitters.xml.ParticleParameter)	null	null	file:///home/nima/Developer/AutoFixer/Evaluation/Projects/litiengine/src/de/gurkenlabs/litiengine/graphics/emitters/xml/EmitterData.java	particleHeight
METHOD	de.gurkenlabs.litiengine.graphics.emitters.xml.EmitterData	setParticleTTL(de.gurkenlabs.litiengine.graphics.emitters.xml.ParticleParameter)	null	null	file:///home/nima/Developer/AutoFixer/Evaluation/Projects/litiengine/src/de/gurkenlabs/litiengine/graphics/emitters/xml/EmitterData.java	particleTTL
METHOD	de.gurkenlabs.litiengine.graphics.emitters.xml.EmitterData	setParticleType(de.gurkenlabs.litiengine.graphics.emitters.particles.ParticleType)	null	null	file:///home/nima/Developer/AutoFixer/Evaluation/Projects/litiengine/src/de/gurkenlabs/litiengine/graphics/emitters/xml/EmitterData.java	particleType
METHOD	de.gurkenlabs.litiengine.graphics.emitters.xml.EmitterData	setParticleWidth(de.gurkenlabs.litiengine.graphics.emitters.xml.ParticleParameter)	null	null	file:///home/nima/Developer/AutoFixer/Evaluation/Projects/litiengine/src/de/gurkenlabs/litiengine/graphics/emitters/xml/EmitterData.java	particleWidth
METHOD	de.gurkenlabs.litiengine.graphics.emitters.xml.EmitterData	setParticleOffsetX(de.gurkenlabs.litiengine.graphics.emitters.xml.ParticleParameter)	null	null	file:///home/nima/Developer/AutoFixer/Evaluation/Projects/litiengine/src/de/gurkenlabs/litiengine/graphics/emitters/xml/EmitterData.java	offsetX
METHOD	de.gurkenlabs.litiengine.graphics.emitters.xml.EmitterData	setParticleOffsetY(de.gurkenlabs.litiengine.graphics.emitters.xml.ParticleParameter)	null	null	file:///home/nima/Developer/AutoFixer/Evaluation/Projects/litiengine/src/de/gurkenlabs/litiengine/graphics/emitters/xml/EmitterData.java	offsetY
METHOD	de.gurkenlabs.litiengine.environment.EntitySpawner	setSpawnMode(de.gurkenlabs.litiengine.environment.IEntitySpawner.SpawnMode)	null	null	file:///home/nima/Developer/AutoFixer/Evaluation/Projects/litiengine/src/de/gurkenlabs/litiengine/environment/EntitySpawner.java	spawnMode
METHOD	de.gurkenlabs.litiengine.environment.tilemap.xml.TileData	setCompression(java.lang.String)	null	null	file:///home/nima/Developer/AutoFixer/Evaluation/Projects/litiengine/src/de/gurkenlabs/litiengine/environment/tilemap/xml/TileData.java	compression
METHOD	de.gurkenlabs.litiengine.environment.tilemap.xml.CustomProperty	setValue(java.net.URL)	null	null	file:///home/nima/Developer/AutoFixer/Evaluation/Projects/litiengine/src/de/gurkenlabs/litiengine/environment/tilemap/xml/CustomProperty.java	value
METHOD	de.gurkenlabs.litiengine.environment.tilemap.xml.CustomProperty	setValue(java.lang.String)	null	null	file:///home/nima/Developer/AutoFixer/Evaluation/Projects/litiengine/src/de/gurkenlabs/litiengine/environment/tilemap/xml/CustomProperty.java	value
METHOD	de.gurkenlabs.litiengine.environment.tilemap.xml.CustomProperty	setValue(char)	null	null	file:///home/nima/Developer/AutoFixer/Evaluation/Projects/litiengine/src/de/gurkenlabs/litiengine/environment/tilemap/xml/CustomProperty.java	value
METHOD	de.gurkenlabs.litiengine.environment.tilemap.xml.CustomProperty	setValue(java.lang.Enum<?>)	null	null	file:///home/nima/Developer/AutoFixer/Evaluation/Projects/litiengine/src/de/gurkenlabs/litiengine/environment/tilemap/xml/CustomProperty.java	value
METHOD	de.gurkenlabs.litiengine.environment.tilemap.xml.CustomProperty	setValue(long)	null	null	file:///home/nima/Developer/AutoFixer/Evaluation/Projects/litiengine/src/de/gurkenlabs/litiengine/environment/tilemap/xml/CustomProperty.java	value
METHOD	de.gurkenlabs.litiengine.environment.tilemap.xml.CustomProperty	setValue(double)	null	null	file:///home/nima/Developer/AutoFixer/Evaluation/Projects/litiengine/src/de/gurkenlabs/litiengine/environment/tilemap/xml/CustomProperty.java	value
METHOD	de.gurkenlabs.litiengine.environment.tilemap.xml.CustomProperty	setValue(boolean)	null	null	file:///home/nima/Developer/AutoFixer/Evaluation/Projects/litiengine/src/de/gurkenlabs/litiengine/environment/tilemap/xml/CustomProperty.java	value
METHOD	de.gurkenlabs.litiengine.environment.tilemap.xml.CustomProperty	setValue(java.awt.Color)	null	null	file:///home/nima/Developer/AutoFixer/Evaluation/Projects/litiengine/src/de/gurkenlabs/litiengine/environment/tilemap/xml/CustomProperty.java	value
METHOD	de.gurkenlabs.litiengine.environment.tilemap.xml.CustomProperty	setType(java.lang.String)	null	null	file:///home/nima/Developer/AutoFixer/Evaluation/Projects/litiengine/src/de/gurkenlabs/litiengine/environment/tilemap/xml/CustomProperty.java	type
METHOD	de.gurkenlabs.litiengine.sound.SoundEngine	setListenerLocationCallback(java.util.function.UnaryOperator<java.awt.geom.Point2D>)	null	null	file:///home/nima/Developer/AutoFixer/Evaluation/Projects/litiengine/src/de/gurkenlabs/litiengine/sound/SoundEngine.java	listenerLocationCallback
METHOD	de.gurkenlabs.litiengine.GameMetrics	setRenderColor(java.awt.Color)	null	null	file:///home/nima/Developer/AutoFixer/Evaluation/Projects/litiengine/src/de/gurkenlabs/litiengine/GameMetrics.java	renderColor
METHOD	de.gurkenlabs.litiengine.GameInfo	setCompany(java.lang.String)	null	null	file:///home/nima/Developer/AutoFixer/Evaluation/Projects/litiengine/src/de/gurkenlabs/litiengine/GameInfo.java	company
METHOD	de.gurkenlabs.litiengine.GameInfo	setDescription(java.lang.String)	null	null	file:///home/nima/Developer/AutoFixer/Evaluation/Projects/litiengine/src/de/gurkenlabs/litiengine/GameInfo.java	description
METHOD	de.gurkenlabs.litiengine.GameInfo	setDevelopers(java.lang.String...)	null	null	file:///home/nima/Developer/AutoFixer/Evaluation/Projects/litiengine/src/de/gurkenlabs/litiengine/GameInfo.java	developers
METHOD	de.gurkenlabs.litiengine.GameInfo	setName(java.lang.String)	null	null	file:///home/nima/Developer/AutoFixer/Evaluation/Projects/litiengine/src/de/gurkenlabs/litiengine/GameInfo.java	name
METHOD	de.gurkenlabs.litiengine.GameInfo	setSubTitle(java.lang.String)	null	null	file:///home/nima/Developer/AutoFixer/Evaluation/Projects/litiengine/src/de/gurkenlabs/litiengine/GameInfo.java	subtitle
METHOD	de.gurkenlabs.litiengine.GameInfo	setVersion(java.lang.String)	null	null	file:///home/nima/Developer/AutoFixer/Evaluation/Projects/litiengine/src/de/gurkenlabs/litiengine/GameInfo.java	version
METHOD	de.gurkenlabs.litiengine.GameInfo	setWebsite(java.lang.String)	null	null	file:///home/nima/Developer/AutoFixer/Evaluation/Projects/litiengine/src/de/gurkenlabs/litiengine/GameInfo.java	website
METHOD	de.gurkenlabs.litiengine.gui.GuiComponent	setTextAlign(de.gurkenlabs.litiengine.Align)	null	null	file:///home/nima/Developer/AutoFixer/Evaluation/Projects/litiengine/src/de/gurkenlabs/litiengine/gui/GuiComponent.java	textAlign
METHOD	de.gurkenlabs.litiengine.gui.GuiComponent	setTextValign(de.gurkenlabs.litiengine.Valign)	null	null	file:///home/nima/Developer/AutoFixer/Evaluation/Projects/litiengine/src/de/gurkenlabs/litiengine/gui/GuiComponent.java	textValign
METHOD	de.gurkenlabs.litiengine.graphics.Camera	setFocus(java.awt.geom.Point2D)	null	null	file:///home/nima/Developer/AutoFixer/Evaluation/Projects/litiengine/src/de/gurkenlabs/litiengine/graphics/Camera.java	focus
METHOD	de.gurkenlabs.litiengine.graphics.Camera	setClampAlign(de.gurkenlabs.litiengine.Align,de.gurkenlabs.litiengine.Valign)	null	null	file:///home/nima/Developer/AutoFixer/Evaluation/Projects/litiengine/src/de/gurkenlabs/litiengine/graphics/Camera.java	align
METHOD	de.gurkenlabs.litiengine.graphics.Camera	setClampAlign(de.gurkenlabs.litiengine.Align,de.gurkenlabs.litiengine.Valign)	null	null	file:///home/nima/Developer/AutoFixer/Evaluation/Projects/litiengine/src/de/gurkenlabs/litiengine/graphics/Camera.java	valign
METHOD	de.gurkenlabs.litiengine.graphics.animation.CreatureAnimationController	init(boolean)	null	null	file:///home/nima/Developer/AutoFixer/Evaluation/Projects/litiengine/src/de/gurkenlabs/litiengine/graphics/animation/CreatureAnimationController.java	customDeathAnimations
METHOD	de.gurkenlabs.litiengine.graphics.animation.CreatureAnimationController	init(boolean)	null	null	file:///home/nima/Developer/AutoFixer/Evaluation/Projects/litiengine/src/de/gurkenlabs/litiengine/graphics/animation/CreatureAnimationController.java	customDeathAnimations
METHOD	de.gurkenlabs.litiengine.resources.SoundResource	setFormat(de.gurkenlabs.litiengine.resources.SoundFormat)	null	null	file:///home/nima/Developer/AutoFixer/Evaluation/Projects/litiengine/src/de/gurkenlabs/litiengine/resources/SoundResource.java	format
METHOD	de.gurkenlabs.litiengine.resources.Strings	setEncoding(java.nio.charset.Charset)	null	null	file:///home/nima/Developer/AutoFixer/Evaluation/Projects/litiengine/src/de/gurkenlabs/litiengine/resources/Strings.java	charset
METHOD	de.gurkenlabs.litiengine.resources.ResourceBundle	beforeMarshal(javax.xml.bind.Marshaller)	null	null	file:///home/nima/Developer/AutoFixer/Evaluation/Projects/litiengine/src/de/gurkenlabs/litiengine/resources/ResourceBundle.java	spriteSheets
METHOD	de.gurkenlabs.litiengine.resources.ResourceBundle	beforeMarshal(javax.xml.bind.Marshaller)	null	null	file:///home/nima/Developer/AutoFixer/Evaluation/Projects/litiengine/src/de/gurkenlabs/litiengine/resources/ResourceBundle.java	tilesets
METHOD	de.gurkenlabs.litiengine.gui.ImageComponent	setImageScaleMode(de.gurkenlabs.litiengine.gui.ImageScaleMode)	null	null	file:///home/nima/Developer/AutoFixer/Evaluation/Projects/litiengine/src/de/gurkenlabs/litiengine/gui/ImageComponent.java	imageScaleMode
METHOD	de.gurkenlabs.litiengine.gui.ImageComponent	setImageAlign(de.gurkenlabs.litiengine.Align)	null	null	file:///home/nima/Developer/AutoFixer/Evaluation/Projects/litiengine/src/de/gurkenlabs/litiengine/gui/ImageComponent.java	imageAlign
METHOD	de.gurkenlabs.litiengine.gui.ImageComponent	setImageValign(de.gurkenlabs.litiengine.Valign)	null	null	file:///home/nima/Developer/AutoFixer/Evaluation/Projects/litiengine/src/de/gurkenlabs/litiengine/gui/ImageComponent.java	imageValign
METHOD	de.gurkenlabs.litiengine.gui.Slider	setSliderComponent(de.gurkenlabs.litiengine.gui.ImageComponent)	null	null	file:///home/nima/Developer/AutoFixer/Evaluation/Projects/litiengine/src/de/gurkenlabs/litiengine/gui/Slider.java	sliderComponent
METHOD	de.gurkenlabs.litiengine.gui.DropdownListField	prepare()	null	null	file:///home/nima/Developer/AutoFixer/Evaluation/Projects/litiengine/src/de/gurkenlabs/litiengine/gui/DropdownListField.java	chosenElementComponent
METHOD	de.gurkenlabs.litiengine.gui.DropdownListField	setButtonSprite(de.gurkenlabs.litiengine.graphics.Spritesheet)	null	null	file:///home/nima/Developer/AutoFixer/Evaluation/Projects/litiengine/src/de/gurkenlabs/litiengine/gui/DropdownListField.java	buttonSprite
METHOD	de.gurkenlabs.litiengine.gui.DropdownListField	setEntrySprite(de.gurkenlabs.litiengine.graphics.Spritesheet)	null	null	file:///home/nima/Developer/AutoFixer/Evaluation/Projects/litiengine/src/de/gurkenlabs/litiengine/gui/DropdownListField.java	entrySprite
METHOD	de.gurkenlabs.litiengine.gui.NumberAdjuster	setLowerBound(java.math.BigDecimal)	null	null	file:///home/nima/Developer/AutoFixer/Evaluation/Projects/litiengine/src/de/gurkenlabs/litiengine/gui/NumberAdjuster.java	lowerBound
METHOD	de.gurkenlabs.litiengine.gui.NumberAdjuster	setStepSize(java.math.BigDecimal)	null	null	file:///home/nima/Developer/AutoFixer/Evaluation/Projects/litiengine/src/de/gurkenlabs/litiengine/gui/NumberAdjuster.java	step
METHOD	de.gurkenlabs.litiengine.gui.NumberAdjuster	setUpperBound(java.math.BigDecimal)	null	null	file:///home/nima/Developer/AutoFixer/Evaluation/Projects/litiengine/src/de/gurkenlabs/litiengine/gui/NumberAdjuster.java	upperBound
METHOD	de.gurkenlabs.litiengine.gui.MouseDrawComponent	setDrawingColor(java.awt.Color)	null	null	file:///home/nima/Developer/AutoFixer/Evaluation/Projects/litiengine/src/de/gurkenlabs/litiengine/gui/MouseDrawComponent.java	drawingColor
METHOD	de.gurkenlabs.litiengine.gui.SpeechBubble	createBubbleImage()	null	null	file:///home/nima/Developer/AutoFixer/Evaluation/Projects/litiengine/src/de/gurkenlabs/litiengine/gui/SpeechBubble.java	bubble
